model,MSE,RMSE,MAE,R2,params,epochs,lr,optimizer,loss,note
nn_v2_128_64_32_leaky,0.45957791805267334,0.6779217639615012,0.5303242802619934,0.3640868663787842,11905,300,0.01,adam,mse,"3 приховані шари 128-64-32, LeakyReLU"
nn_v1_64_32_relu,0.4600409269332886,0.6782631693769673,0.5331817865371704,0.3634462356567383,2881,300,0.01,adam,mse,"2 приховані шари 64-32, ReLU"
nn_v2_128_64_32_leaky_l1loss,0.46826764941215515,0.684300847151423,0.5279797911643982,0.35206300020217896,11905,300,0.01,adam,l1,зміна 4: функція втрат MSE -> L1
linear,0.4812828600406647,0.6937455297446353,0.5418905019760132,0.33405399322509766,12,150,0.1,sgd,mse,baseline: множинна лінійна регресія
nn_v2_128_64_32_leaky_lr0.001,0.4971062242984772,0.705057603532135,0.5519102811813354,0.31215935945510864,11905,300,0.001,adam,mse,зміна 1: learning rate 0.01 -> 0.001
nn_v2_128_64_32_leaky_sgd,0.502495288848877,0.7088690209403123,0.5602304339408875,0.3047025799751282,11905,300,0.01,sgd,mse,зміна 2: оптимізатор Adam -> SGD
nn_v2_128_64_32_leaky_huber,0.5066998600959778,0.7118285327914144,0.5520094037055969,0.2988847494125366,11905,300,0.01,adam,huber,зміна 5: функція втрат MSE -> Huber
nn_v2_128_64_32_leaky_ep1000,0.576797604560852,0.7594719248009448,0.5836436748504639,0.2018912434577942,11905,1000,0.01,adam,mse,зміна 3: епохи 300 -> 1000
baseline_mean,0.7228472828865051,0.8502042595085637,0.6837582588195801,-0.00019609928131103516,0,0,,,,константа: середнє quality по train
